,precision,recall,f1-score,support
0,0.9723223029026477,0.9768888063857435,0.9746002055688795,53870.0
1,0.9767797526903781,0.972192314832003,0.9744806348674724,53870.0
accuracy,0.9745405606088732,0.9745405606088732,0.9745405606088732,0.9745405606088732
macro avg,0.9745510277965128,0.9745405606088733,0.974540420218176,107740.0
weighted avg,0.9745510277965128,0.9745405606088732,0.9745404202181759,107740.0
