,precision,recall,f1-score,support
0,0.9960264900662251,0.7258148340634049,0.8397182614671018,13469.0
1,0.7598517362465861,0.9966734902763562,0.8622979853885322,11724.0
accuracy,0.8518636129083476,0.8518636129083476,0.8518636129083476,0.8518636129083476
macro avg,0.8779391131564056,0.8612441621698805,0.8510081234278171,25193.0
weighted avg,0.8861184674495677,0.8518636129083476,0.8502261280671434,25193.0
