,precision,recall,f1-score,support
0,0.9956197112991538,0.7425198604202242,0.8506421706217573,13469.0
1,0.7710588856614735,0.9962470146707608,0.8693063411729681,11724.0
accuracy,0.8605961973564086,0.8605961973564086,0.8605961973564086,0.8605961973564086
macro avg,0.8833392984803137,0.8693834375454925,0.8599742558973626,25193.0
weighted avg,0.8911164318256428,0.8605961973564086,0.8593278664714932,25193.0
