,precision,recall,f1-score,support
0,0.913799263943974,0.9494895117876369,0.9313025745602855,53870.0
1,0.9474365413591933,0.9104325227399295,0.9285660191601348,53870.0
accuracy,0.9299610172637832,0.9299610172637832,0.9299610172637832,0.9299610172637832
macro avg,0.9306179026515837,0.9299610172637831,0.9299342968602102,107740.0
weighted avg,0.9306179026515836,0.9299610172637832,0.9299342968602101,107740.0
