,precision,recall,f1-score,support
0,0.9954982493191796,0.9975125301652126,0.9965043718532393,53870.0
1,0.9971360177823374,0.9948184318826364,0.9959758766077814,46897.0
accuracy,0.9962586958031895,0.9962586958031895,0.9962586958031895,0.9962586958031895
macro avg,0.9963171335507586,0.9961654810239244,0.9962401242305103,100767.0
weighted avg,0.9962604673827987,0.9962586958031895,0.9962584099656546,100767.0
