,precision,recall,f1-score,support
0,0.9928647584679734,0.8988046625584676,0.9434962200919648,13469.0
1,0.8951538461538462,0.9925793244626407,0.9413525319527585,11724.0
accuracy,0.9424443297741436,0.9424443297741436,0.9424443297741436,0.9424443297741436
macro avg,0.9440093023109097,0.9456919935105541,0.9424243760223616,25193.0
weighted avg,0.9473932887751686,0.9424443297741436,0.9424986175934909,25193.0
