,precision,recall,f1-score,support
0,0.9990346773594713,0.9988863315762121,0.998960498960499,13469.0
1,0.9996734516164145,0.9997822773786197,0.9997278615359495,9186.0
2,0.9982810485603781,0.9974237870330614,0.997852233676976,2329.0
3,0.9653465346534653,0.9798994974874372,0.972568578553616,199.0
4,0.7,0.7,0.7,10.0
accuracy,0.9988091930298099,0.9988091930298099,0.9988091930298099,0.9988091930298099
macro avg,0.9324671424379458,0.935198378695066,0.9338218345454081,25193.0
weighted avg,0.998813119453668,0.9988091930298099,0.9988107051932695,25193.0
