,precision,recall,f1-score,support
0,0.9975548310610551,0.9995545326304848,0.9985536806972001,13469.0
1,0.9994870479610156,0.9971852610030706,0.998334827718714,11724.0
accuracy,0.9984519509387528,0.9984519509387528,0.9984519509387528,0.9984519509387528
macro avg,0.9985209395110354,0.9983698968167777,0.998444254207957,25193.0
weighted avg,0.99845402174637,0.9984519509387528,0.9984518336635094,25193.0
