,precision,recall,f1-score,support
0,0.9552456210625979,0.973900129942454,0.9644826825501875,53870.0
1,0.9733802870233632,0.9543716354186004,0.9637822435512897,53870.0
accuracy,0.9641358826805272,0.9641358826805272,0.9641358826805272,0.9641358826805272
macro avg,0.9643129540429806,0.9641358826805272,0.9641324630507386,107740.0
weighted avg,0.9643129540429807,0.9641358826805272,0.9641324630507385,107740.0
