,precision,recall,f1-score,support
0,0.9931922572178478,0.8990273962432251,0.9437668056583921,13469.0
1,0.8953926621029151,0.992920504947117,0.9416380182002022,11724.0
accuracy,0.9427221847338546,0.9427221847338546,0.9427221847338546,0.9427221847338546
macro avg,0.9442924596603814,0.9459739505951711,0.9427024119292972,25193.0
weighted avg,0.9476795174438046,0.9427221847338546,0.9427761374505639,25193.0
