,precision,recall,f1-score,support
0,0.9777628032345014,0.8618308708887074,0.9161437985872697,13469.0
1,0.8602957735905713,0.977482088024565,0.9151527250948293,11724.0
accuracy,0.9156511729448656,0.9156511729448656,0.9156511729448656,0.9156511729448656
macro avg,0.9190292884125364,0.9196564794566362,0.9156482618410495,25193.0
weighted avg,0.9230974812980335,0.9156511729448656,0.9156825853286117,25193.0
