,precision,recall,f1-score,support
0,1.0,0.9999628735845554,0.9999814364476787,53870.0
1,1.0,1.0,1.0,36741.0
2,0.9998926923489645,1.0,0.9999463432955947,9318.0
3,0.998745294855709,1.0,0.9993722536095417,796.0
4,1.0,1.0,1.0,42.0
accuracy,0.9999801522323777,0.9999801522323777,0.9999801522323777,0.9999801522323777
macro avg,0.9997275974409346,0.9999925747169112,0.9998600066705631,100767.0
weighted avg,0.9999801657488344,0.9999801522323777,0.9999801554292377,100767.0
