,precision,recall,f1-score,support
0,0.998368315656753,0.9994060435073131,0.998886910062333,13469.0
1,0.9996734160679295,0.9996734160679295,0.9996734160679295,9186.0
2,0.9991386735572783,0.9961356805495921,0.9976349172221027,2329.0
3,0.9948186528497409,0.964824120603015,0.9795918367346939,199.0
4,0.7777777777777778,0.7,0.7368421052631579,10.0
accuracy,0.9988091930298099,0.9988091930298099,0.9988091930298099,0.9988091930298099
macro avg,0.9539553671818959,0.93200785214557,0.9425258370700433,25193.0
weighted avg,0.9987998056599287,0.9988091930298099,0.9988015206764845,25193.0
