,precision,recall,f1-score,support
0,0.9991833704528582,0.9992575543841413,0.9992204610416126,13469.0
1,0.9996734871571615,0.9998911386893098,0.9997823010776097,9186.0
2,0.9991394148020654,0.9969944182052383,0.9980657640232108,2329.0
3,0.9849246231155779,0.9849246231155779,0.9849246231155779,199.0
4,0.75,0.9,0.8181818181818182,10.0
accuracy,0.9991267415551939,0.9991267415551939,0.9991267415551939,0.9991267415551939
macro avg,0.9465841791055327,0.9762135468788535,0.960034993487966,25193.0
weighted avg,0.9991464758754115,0.9991267415551939,0.9991337907379144,25193.0
