,precision,recall,f1-score,support
0,0.9985167881046406,0.9997586782996102,0.9991373472965578,53870.0
1,0.9997224001708307,0.9982941339531314,0.9990077565696117,46897.0
accuracy,0.9990770788055613,0.9990770788055613,0.9990770788055613,0.9990770788055613
macro avg,0.9991195941377357,0.9990264061263707,0.9990725519330848,100767.0
weighted avg,0.9990778804172837,0.9990770788055613,0.9990770357231104,100767.0
