,precision,recall,f1-score,support
0,0.9969638625592417,0.9995545326304848,0.9982575167760352,13469.0
1,0.9994866968945162,0.996502900034118,0.9979925682313244,11724.0
accuracy,0.9981344024133688,0.9981344024133688,0.9981344024133688,0.9981344024133688
macro avg,0.9982252797268789,0.9980287163323014,0.9981250425036798,25193.0
weighted avg,0.9981379073235318,0.9981344024133688,0.9981342183702008,25193.0
