,precision,recall,f1-score,support
0,0.9988127040664886,0.9993317989457272,0.9990721840786788,13469.0
1,0.9996734516164145,0.9997822773786197,0.9997278615359495,9186.0
2,0.9995689655172414,0.995706311721769,0.99763389976339,2329.0
3,0.9752475247524752,0.9899497487437185,0.9825436408977556,199.0
4,0.75,0.6,0.6666666666666666,10.0
accuracy,0.9989282737268289,0.9989282737268289,0.9989282737268289,0.9989282737268289
macro avg,0.9446605291905239,0.9169540273579668,0.929128850588488,25193.0
weighted avg,0.9989115633602713,0.9989282737268289,0.9989157935608785,25193.0
