,precision,recall,f1-score,support
0,0.9929666099059746,0.9957680599896057,0.9943653618030842,13469.0
1,0.9951223686462434,0.9918969634936882,0.99350704826997,11724.0
accuracy,0.9939665780177034,0.9939665780177034,0.9939665780177034,0.9939665780177034
macro avg,0.994044489276109,0.9938325117416469,0.9939362050365271,25193.0
weighted avg,0.9939698296682463,0.9939665780177034,0.9939659306967361,25193.0
