,precision,recall,f1-score,support
0,0.9688204962939091,0.8927908530700126,0.9292531200494571,13469.0
1,0.8870197950082154,0.9669907881269192,0.9252805549887778,11724.0
accuracy,0.9273210812527289,0.9273210812527289,0.9273210812527289,0.9273210812527289
macro avg,0.9279201456510622,0.929890820598466,0.9272668375191175,25193.0
weighted avg,0.9307531195672997,0.9273210812527289,0.9274044179190477,25193.0
