,precision,recall,f1-score,support
0,0.9271503587012795,0.9307298240403891,0.9289366432011856,13469.0
1,0.9200651130911583,0.915984305697714,0.9180201743887844,11724.0
accuracy,0.9238677410391776,0.9238677410391776,0.9238677410391776,0.9238677410391776
macro avg,0.9236077358962189,0.9233570648690516,0.923478408794985,25193.0
weighted avg,0.9238531166287569,0.9238677410391776,0.9238564748863127,25193.0
