,precision,recall,f1-score,support
0,0.9533631606885569,0.9334026282574801,0.9432773109243697,13469.0
1,0.9252873563218391,0.9475435005117707,0.9362831858407079,11724.0
accuracy,0.9399833287024173,0.9399833287024173,0.9399833287024173,0.9399833287024173
macro avg,0.939325258505198,0.9404730643846254,0.9397802483825388,25193.0
weighted avg,0.9402975976196329,0.9399833287024173,0.9400224733710474,25193.0
