,precision,recall,f1-score,support
0,0.9974805483512412,0.9994060435073131,0.9984423676012462,13469.0
1,0.9993161224140878,0.9970999658819516,0.9982068141063957,11724.0
accuracy,0.9983328702417338,0.9983328702417338,0.9983328702417338,0.9983328702417338
macro avg,0.9983983353826645,0.9982530046946323,0.998324590853821,25193.0
weighted avg,0.9983347646142038,0.9983328702417338,0.9983327486922783,25193.0
