,precision,recall,f1-score,support
0,0.9996288254180353,0.9998700575459439,0.9997494269301087,53870.0
1,0.9998700261804409,0.9996287358455541,0.9997493664540923,53870.0
accuracy,0.999749396695749,0.999749396695749,0.999749396695749,0.999749396695749
macro avg,0.9997494257992381,0.999749396695749,0.9997493966921005,107740.0
weighted avg,0.9997494257992381,0.999749396695749,0.9997493966921004,107740.0
