,precision,recall,f1-score,support
0,0.9988116458704694,0.9984408642066969,0.9986262206215424,13469.0
1,0.9982095660329099,0.9986352780620948,0.9984223766682301,11724.0
accuracy,0.9985313380700989,0.9985313380700989,0.9985313380700989,0.9985313380700989
macro avg,0.9985106059516897,0.9985380711343959,0.9985242986448862,25193.0
weighted avg,0.9985314575635768,0.9985313380700989,0.9985313582983322,25193.0
