,precision,recall,f1-score,support
0,0.9934761657646971,0.9949513698121613,0.9942132205653238,13469.0
1,0.99419002050581,0.9924940293415216,0.9933413010073416,11724.0
accuracy,0.9938078037550113,0.9938078037550113,0.9938078037550113,0.9938078037550113
macro avg,0.9938330931352535,0.9937226995768415,0.9937772607863327,25193.0
weighted avg,0.9938083704638122,0.9938078037550113,0.993807457659049,25193.0
