,precision,recall,f1-score,support
0,0.9272942219595094,0.9317692479025911,0.9295263489241936,13469.0
1,0.9211767733081739,0.9160696008188332,0.9186160886113843,11724.0
accuracy,0.9244631445242726,0.9244631445242726,0.9244631445242726,0.9244631445242726
macro avg,0.9242354976338416,0.9239194243607121,0.924071218767789,25193.0
weighted avg,0.9244473610065361,0.9244631445242726,0.9244490698424098,25193.0
