,precision,recall,f1-score,support
0,0.9537655633161252,0.9327344272032073,0.9431327652865883,13469.0
1,0.924631894185176,0.9480552712384852,0.936197094125079,11724.0
accuracy,0.9398642480053984,0.9398642480053984,0.9398642480053984,0.9398642480053984
macro avg,0.9391987287506506,0.9403948492208463,0.9396649297058337,25193.0
weighted avg,0.9402077045104551,0.9398642480053984,0.9399051302809306,25193.0
