,precision,recall,f1-score,support
0,0.9451263800116212,0.9662149619454242,0.9555543316627196,53870.0
1,0.9601706970128022,0.935560910079536,0.9477060653188181,46897.0
accuracy,0.9519485545863229,0.9519485545863229,0.9519485545863229,0.9519485545863229
macro avg,0.9526485385122117,0.9508879360124801,0.9516301984907689,100767.0
weighted avg,0.9521280108471565,0.9519485545863229,0.95190174553105,100767.0
